ID,Cmax,Clast,AUClast
1,4.99995031,1.50694103,16.7028867598661
