ID,Cmax,Clast,AUClast
1,4.99995031,0.00012288,19.9993564939463
